4000.00,-0.0000
3999.00,-0.0000
3998.00,0.0000
3997.00,0.0000
3996.00,-0.0000
3995.00,-0.0000
3994.00,-0.0000
3993.00,-0.0000
3992.00,-0.0000
3991.00,-0.0000
3990.00,-0.0000
3989.00,-0.0000
3988.00,-0.0001
3987.00,-0.0000
3986.00,-0.0000
3985.00,-0.0000
3984.00,0.0000
3983.00,0.0000
3982.00,0.0000
3981.00,0.0000
3980.00,-0.0000
3979.00,-0.0001
3978.00,-0.0001
3977.00,-0.0001
3976.00,-0.0000
3975.00,-0.0000
3974.00,-0.0000
3973.00,-0.0000
3972.00,-0.0000
3971.00,-0.0000
3970.00,-0.0000
3969.00,-0.0000
3968.00,-0.0000
3967.00,-0.0000
3966.00,-0.0000
3965.00,-0.0000
3964.00,0.0000
3963.00,0.0000
3962.00,0.0000
3961.00,-0.0000
3960.00,-0.0000
3959.00,-0.0000
3958.00,-0.0000
3957.00,-0.0000
3956.00,-0.0001
3955.00,-0.0001
3954.00,-0.0001
3953.00,-0.0002
3952.00,-0.0002
3951.00,-0.0002
3950.00,-0.0001
3949.00,-0.0001
3948.00,-0.0000
3947.00,0.0000
3946.00,0.0000
3945.00,0.0000
3944.00,-0.0000
3943.00,-0.0000
3942.00,-0.0001
3941.00,-0.0001
3940.00,-0.0000
3939.00,-0.0000
3938.00,-0.0000
3937.00,0.0000
3936.00,0.0000
3935.00,0.0000
3934.00,0.0001
3933.00,0.0001
3932.00,0.0000
3931.00,0.0000
3930.00,-0.0000
3929.00,-0.0001
3928.00,-0.0001
3927.00,-0.0001
3926.00,-0.0001
3925.00,-0.0001
3924.00,-0.0001
3923.00,-0.0000
3922.00,0.0000
3921.00,0.0001
3920.00,0.0001
3919.00,0.0001
3918.00,0.0001
3917.00,0.0001
3916.00,0.0001
3915.00,0.0001
3914.00,0.0001
3913.00,0.0001
3912.00,0.0000
3911.00,0.0000
3910.00,0.0000
3909.00,-0.0000
3908.00,-0.0001
3907.00,-0.0001
3906.00,-0.0000
3905.00,0.0000
3904.00,0.0001
3903.00,0.0002
3902.00,0.0002
3901.00,0.0002
3900.00,0.0001
3899.00,0.0001
3898.00,0.0000
3897.00,0.0000
3896.00,0.0000
3895.00,0.0000
3894.00,0.0000
3893.00,0.0000
3892.00,0.0000
3891.00,0.0001
3890.00,0.0001
3889.00,0.0002
3888.00,0.0003
3887.00,0.0003
3886.00,0.0003
3885.00,0.0002
3884.00,0.0002
3883.00,0.0001
3882.00,0.0000
3881.00,-0.0000
3880.00,-0.0000
3879.00,-0.0000
3878.00,0.0001
3877.00,0.0001
3876.00,0.0001
3875.00,0.0001
3874.00,0.0001
3873.00,0.0001
3872.00,0.0002
3871.00,0.0002
3870.00,0.0002
3869.00,0.0002
3868.00,0.0002
3867.00,0.0002
3866.00,0.0002
3865.00,0.0002
3864.00,0.0001
3863.00,0.0001
3862.00,0.0001
3861.00,0.0002
3860.00,0.0002
3859.00,0.0002
3858.00,0.0002
3857.00,0.0002
3856.00,0.0003
3855.00,0.0003
3854.00,0.0003
3853.00,0.0003
3852.00,0.0003
3851.00,0.0003
3850.00,0.0003
3849.00,0.0003
3848.00,0.0002
3847.00,0.0002
3846.00,0.0002
3845.00,0.0001
3844.00,0.0001
3843.00,0.0001
3842.00,0.0002
3841.00,0.0003
3840.00,0.0003
3839.00,0.0003
3838.00,0.0003
3837.00,0.0003
3836.00,0.0003
3835.00,0.0003
3834.00,0.0002
3833.00,0.0002
3832.00,0.0002
3831.00,0.0002
3830.00,0.0001
3829.00,0.0001
3828.00,0.0001
3827.00,0.0001
3826.00,0.0001
3825.00,0.0002
3824.00,0.0002
3823.00,0.0003
3822.00,0.0003
3821.00,0.0002
3820.00,0.0002
3819.00,0.0003
3818.00,0.0003
3817.00,0.0003
3816.00,0.0002
3815.00,0.0002
3814.00,0.0002
3813.00,0.0002
3812.00,0.0001
3811.00,0.0001
3810.00,0.0001
3809.00,0.0001
3808.00,0.0001
3807.00,0.0001
3806.00,0.0001
3805.00,0.0001
3804.00,0.0002
3803.00,0.0002
3802.00,0.0002
3801.00,0.0002
3800.00,0.0002
3799.00,0.0002
3798.00,0.0002
3797.00,0.0002
3796.00,0.0001
3795.00,0.0001
3794.00,0.0001
3793.00,0.0001
3792.00,0.0001
3791.00,0.0001
3790.00,0.0001
3789.00,0.0001
3788.00,0.0001
3787.00,0.0000
3786.00,0.0000
3785.00,0.0000
3784.00,0.0000
3783.00,0.0000
3782.00,0.0000
3781.00,-0.0000
3780.00,-0.0000
3779.00,-0.0000
3778.00,-0.0000
3777.00,0.0000
3776.00,0.0000
3775.00,0.0000
3774.00,0.0000
3773.00,0.0000
3772.00,0.0000
3771.00,0.0001
3770.00,0.0001
3769.00,0.0001
3768.00,0.0002
3767.00,0.0002
3766.00,0.0001
3765.00,0.0001
3764.00,0.0001
3763.00,0.0000
3762.00,0.0000
3761.00,0.0000
3760.00,0.0001
3759.00,0.0001
3758.00,0.0002
3757.00,0.0002
3756.00,0.0002
3755.00,0.0002
3754.00,0.0003
3753.00,0.0004
3752.00,0.0006
3751.00,0.0007
3750.00,0.0007
3749.00,0.0007
3748.00,0.0006
3747.00,0.0006
3746.00,0.0005
3745.00,0.0004
3744.00,0.0004
3743.00,0.0004
3742.00,0.0004
3741.00,0.0004
3740.00,0.0004
3739.00,0.0005
3738.00,0.0006
3737.00,0.0006
3736.00,0.0006
3735.00,0.0005
3734.00,0.0004
3733.00,0.0004
3732.00,0.0003
3731.00,0.0003
3730.00,0.0002
3729.00,0.0002
3728.00,0.0001
3727.00,0.0001
3726.00,0.0000
3725.00,0.0000
3724.00,0.0000
3723.00,0.0001
3722.00,0.0001
3721.00,0.0001
3720.00,0.0001
3719.00,0.0001
3718.00,0.0001
3717.00,0.0001
3716.00,0.0001
3715.00,0.0002
3714.00,0.0003
3713.00,0.0003
3712.00,0.0003
3711.00,0.0003
3710.00,0.0002
3709.00,0.0001
3708.00,0.0001
3707.00,0.0002
3706.00,0.0002
3705.00,0.0002
3704.00,0.0002
3703.00,0.0001
3702.00,0.0001
3701.00,0.0000
3700.00,0.0000
3699.00,0.0000
3698.00,0.0001
3697.00,0.0001
3696.00,0.0001
3695.00,0.0001
3694.00,0.0001
3693.00,0.0002
3692.00,0.0002
3691.00,0.0003
3690.00,0.0003
3689.00,0.0003
3688.00,0.0002
3687.00,0.0002
3686.00,0.0001
3685.00,0.0001
3684.00,0.0000
3683.00,0.0000
3682.00,0.0001
3681.00,0.0001
3680.00,0.0001
3679.00,0.0002
3678.00,0.0003
3677.00,0.0003
3676.00,0.0004
3675.00,0.0004
3674.00,0.0004
3673.00,0.0005
3672.00,0.0006
3671.00,0.0006
3670.00,0.0005
3669.00,0.0003
3668.00,0.0002
3667.00,0.0002
3666.00,0.0001
3665.00,0.0001
3664.00,0.0001
3663.00,0.0001
3662.00,0.0000
3661.00,0.0000
3660.00,0.0001
3659.00,0.0001
3658.00,0.0002
3657.00,0.0002
3656.00,0.0003
3655.00,0.0003
3654.00,0.0003
3653.00,0.0003
3652.00,0.0003
3651.00,0.0003
3650.00,0.0003
3649.00,0.0003
3648.00,0.0003
3647.00,0.0003
3646.00,0.0002
3645.00,0.0002
3644.00,0.0001
3643.00,0.0001
3642.00,0.0001
3641.00,0.0001
3640.00,0.0001
3639.00,0.0001
3638.00,0.0001
3637.00,0.0001
3636.00,0.0001
3635.00,0.0001
3634.00,0.0000
3633.00,0.0000
3632.00,0.0001
3631.00,0.0001
3630.00,0.0002
3629.00,0.0003
3628.00,0.0003
3627.00,0.0002
3626.00,0.0002
3625.00,0.0002
3624.00,0.0002
3623.00,0.0002
3622.00,0.0002
3621.00,0.0002
3620.00,0.0002
3619.00,0.0002
3618.00,0.0002
3617.00,0.0002
3616.00,0.0002
3615.00,0.0003
3614.00,0.0003
3613.00,0.0003
3612.00,0.0003
3611.00,0.0004
3610.00,0.0004
3609.00,0.0003
3608.00,0.0003
3607.00,0.0002
3606.00,0.0002
3605.00,0.0002
3604.00,0.0002
3603.00,0.0003
3602.00,0.0003
3601.00,0.0003
3600.00,0.0002
3599.00,0.0002
3598.00,0.0002
3597.00,0.0002
3596.00,0.0002
3595.00,0.0002
3594.00,0.0002
3593.00,0.0002
3592.00,0.0002
3591.00,0.0002
3590.00,0.0002
3589.00,0.0003
3588.00,0.0003
3587.00,0.0002
3586.00,0.0002
3585.00,0.0003
3584.00,0.0003
3583.00,0.0003
3582.00,0.0002
3581.00,0.0002
3580.00,0.0002
3579.00,0.0002
3578.00,0.0002
3577.00,0.0002
3576.00,0.0002
3575.00,0.0002
3574.00,0.0002
3573.00,0.0002
3572.00,0.0002
3571.00,0.0002
3570.00,0.0003
3569.00,0.0003
3568.00,0.0003
3567.00,0.0003
3566.00,0.0002
3565.00,0.0002
3564.00,0.0002
3563.00,0.0002
3562.00,0.0003
3561.00,0.0003
3560.00,0.0003
3559.00,0.0002
3558.00,0.0002
3557.00,0.0002
3556.00,0.0002
3555.00,0.0002
3554.00,0.0002
3553.00,0.0002
3552.00,0.0002
3551.00,0.0002
3550.00,0.0003
3549.00,0.0003
3548.00,0.0004
3547.00,0.0004
3546.00,0.0004
3545.00,0.0003
3544.00,0.0003
3543.00,0.0003
3542.00,0.0003
3541.00,0.0002
3540.00,0.0002
3539.00,0.0002
3538.00,0.0002
3537.00,0.0002
3536.00,0.0002
3535.00,0.0002
3534.00,0.0003
3533.00,0.0003
3532.00,0.0003
3531.00,0.0003
3530.00,0.0003
3529.00,0.0004
3528.00,0.0004
3527.00,0.0003
3526.00,0.0003
3525.00,0.0003
3524.00,0.0003
3523.00,0.0003
3522.00,0.0003
3521.00,0.0003
3520.00,0.0003
3519.00,0.0003
3518.00,0.0003
3517.00,0.0003
3516.00,0.0003
3515.00,0.0003
3514.00,0.0004
3513.00,0.0004
3512.00,0.0004
3511.00,0.0004
3510.00,0.0004
3509.00,0.0004
3508.00,0.0005
3507.00,0.0005
3506.00,0.0005
3505.00,0.0005
3504.00,0.0005
3503.00,0.0004
3502.00,0.0004
3501.00,0.0004
3500.00,0.0004
3499.00,0.0004
3498.00,0.0004
3497.00,0.0004
3496.00,0.0004
3495.00,0.0004
3494.00,0.0004
3493.00,0.0004
3492.00,0.0004
3491.00,0.0004
3490.00,0.0003
3489.00,0.0004
3488.00,0.0004
3487.00,0.0004
3486.00,0.0004
3485.00,0.0004
3484.00,0.0004
3483.00,0.0004
3482.00,0.0004
3481.00,0.0004
3480.00,0.0004
3479.00,0.0004
3478.00,0.0004
3477.00,0.0004
3476.00,0.0004
3475.00,0.0004
3474.00,0.0004
3473.00,0.0004
3472.00,0.0004
3471.00,0.0004
3470.00,0.0004
3469.00,0.0004
3468.00,0.0004
3467.00,0.0004
3466.00,0.0004
3465.00,0.0004
3464.00,0.0004
3463.00,0.0004
3462.00,0.0004
3461.00,0.0004
3460.00,0.0004
3459.00,0.0005
3458.00,0.0005
3457.00,0.0004
3456.00,0.0004
3455.00,0.0004
3454.00,0.0004
3453.00,0.0004
3452.00,0.0005
3451.00,0.0004
3450.00,0.0004
3449.00,0.0004
3448.00,0.0005
3447.00,0.0005
3446.00,0.0005
3445.00,0.0006
3444.00,0.0006
3443.00,0.0006
3442.00,0.0005
3441.00,0.0005
3440.00,0.0005
3439.00,0.0005
3438.00,0.0004
3437.00,0.0004
3436.00,0.0004
3435.00,0.0004
3434.00,0.0004
3433.00,0.0005
3432.00,0.0005
3431.00,0.0005
3430.00,0.0005
3429.00,0.0005
3428.00,0.0005
3427.00,0.0005
3426.00,0.0005
3425.00,0.0005
3424.00,0.0005
3423.00,0.0006
3422.00,0.0006
3421.00,0.0006
3420.00,0.0006
3419.00,0.0006
3418.00,0.0006
3417.00,0.0006
3416.00,0.0005
3415.00,0.0005
3414.00,0.0005
3413.00,0.0005
3412.00,0.0005
3411.00,0.0006
3410.00,0.0006
3409.00,0.0006
3408.00,0.0006
3407.00,0.0006
3406.00,0.0006
3405.00,0.0005
3404.00,0.0005
3403.00,0.0005
3402.00,0.0006
3401.00,0.0006
3400.00,0.0006
3399.00,0.0006
3398.00,0.0006
3397.00,0.0006
3396.00,0.0006
3395.00,0.0006
3394.00,0.0006
3393.00,0.0006
3392.00,0.0006
3391.00,0.0006
3390.00,0.0006
3389.00,0.0006
3388.00,0.0006
3387.00,0.0006
3386.00,0.0006
3385.00,0.0006
3384.00,0.0005
3383.00,0.0006
3382.00,0.0006
3381.00,0.0006
3380.00,0.0006
3379.00,0.0006
3378.00,0.0006
3377.00,0.0006
3376.00,0.0006
3375.00,0.0006
3374.00,0.0006
3373.00,0.0006
3372.00,0.0007
3371.00,0.0007
3370.00,0.0007
3369.00,0.0007
3368.00,0.0007
3367.00,0.0007
3366.00,0.0006
3365.00,0.0006
3364.00,0.0006
3363.00,0.0006
3362.00,0.0006
3361.00,0.0006
3360.00,0.0006
3359.00,0.0006
3358.00,0.0006
3357.00,0.0006
3356.00,0.0006
3355.00,0.0006
3354.00,0.0007
3353.00,0.0007
3352.00,0.0007
3351.00,0.0006
3350.00,0.0006
3349.00,0.0006
3348.00,0.0006
3347.00,0.0006
3346.00,0.0006
3345.00,0.0007
3344.00,0.0007
3343.00,0.0007
3342.00,0.0007
3341.00,0.0007
3340.00,0.0006
3339.00,0.0006
3338.00,0.0006
3337.00,0.0007
3336.00,0.0007
3335.00,0.0007
3334.00,0.0007
3333.00,0.0008
3332.00,0.0008
3331.00,0.0008
3330.00,0.0008
3329.00,0.0008
3328.00,0.0008
3327.00,0.0008
3326.00,0.0007
3325.00,0.0007
3324.00,0.0007
3323.00,0.0007
3322.00,0.0007
3321.00,0.0007
3320.00,0.0007
3319.00,0.0007
3318.00,0.0007
3317.00,0.0007
3316.00,0.0007
3315.00,0.0007
3314.00,0.0007
3313.00,0.0007
3312.00,0.0007
3311.00,0.0007
3310.00,0.0007
3309.00,0.0007
3308.00,0.0008
3307.00,0.0008
3306.00,0.0008
3305.00,0.0008
3304.00,0.0008
3303.00,0.0008
3302.00,0.0008
3301.00,0.0008
3300.00,0.0008
3299.00,0.0008
3298.00,0.0007
3297.00,0.0007
3296.00,0.0007
3295.00,0.0007
3294.00,0.0007
3293.00,0.0007
3292.00,0.0007
3291.00,0.0007
3290.00,0.0007
3289.00,0.0007
3288.00,0.0007
3287.00,0.0007
3286.00,0.0007
3285.00,0.0007
3284.00,0.0008
3283.00,0.0008
3282.00,0.0008
3281.00,0.0008
3280.00,0.0008
3279.00,0.0008
3278.00,0.0008
3277.00,0.0008
3276.00,0.0008
3275.00,0.0008
3274.00,0.0008
3273.00,0.0008
3272.00,0.0008
3271.00,0.0007
3270.00,0.0007
3269.00,0.0008
3268.00,0.0008
3267.00,0.0008
3266.00,0.0008
3265.00,0.0007
3264.00,0.0007
3263.00,0.0007
3262.00,0.0007
3261.00,0.0007
3260.00,0.0007
3259.00,0.0007
3258.00,0.0007
3257.00,0.0007
3256.00,0.0007
3255.00,0.0007
3254.00,0.0007
3253.00,0.0007
3252.00,0.0007
3251.00,0.0007
3250.00,0.0007
3249.00,0.0007
3248.00,0.0007
3247.00,0.0007
3246.00,0.0007
3245.00,0.0007
3244.00,0.0006
3243.00,0.0006
3242.00,0.0006
3241.00,0.0006
3240.00,0.0007
3239.00,0.0007
3238.00,0.0007
3237.00,0.0007
3236.00,0.0008
3235.00,0.0008
3234.00,0.0008
3233.00,0.0008
3232.00,0.0007
3231.00,0.0007
3230.00,0.0007
3229.00,0.0007
3228.00,0.0007
3227.00,0.0006
3226.00,0.0006
3225.00,0.0006
3224.00,0.0006
3223.00,0.0006
3222.00,0.0006
3221.00,0.0006
3220.00,0.0007
3219.00,0.0007
3218.00,0.0007
3217.00,0.0007
3216.00,0.0007
3215.00,0.0007
3214.00,0.0007
3213.00,0.0006
3212.00,0.0006
3211.00,0.0007
3210.00,0.0007
3209.00,0.0007
3208.00,0.0006
3207.00,0.0006
3206.00,0.0006
3205.00,0.0006
3204.00,0.0006
3203.00,0.0006
3202.00,0.0006
3201.00,0.0006
3200.00,0.0007
3199.00,0.0007
3198.00,0.0007
3197.00,0.0007
3196.00,0.0006
3195.00,0.0006
3194.00,0.0006
3193.00,0.0006
3192.00,0.0006
3191.00,0.0006
3190.00,0.0006
3189.00,0.0005
3188.00,0.0005
3187.00,0.0005
3186.00,0.0005
3185.00,0.0005
3184.00,0.0005
3183.00,0.0005
3182.00,0.0005
3181.00,0.0006
3180.00,0.0006
3179.00,0.0006
3178.00,0.0005
3177.00,0.0005
3176.00,0.0005
3175.00,0.0005
3174.00,0.0005
3173.00,0.0005
3172.00,0.0006
3171.00,0.0006
3170.00,0.0006
3169.00,0.0006
3168.00,0.0005
3167.00,0.0005
3166.00,0.0005
3165.00,0.0005
3164.00,0.0005
3163.00,0.0005
3162.00,0.0005
3161.00,0.0005
3160.00,0.0005
3159.00,0.0005
3158.00,0.0004
3157.00,0.0004
3156.00,0.0005
3155.00,0.0005
3154.00,0.0005
3153.00,0.0005
3152.00,0.0005
3151.00,0.0005
3150.00,0.0005
3149.00,0.0005
3148.00,0.0005
3147.00,0.0005
3146.00,0.0005
3145.00,0.0005
3144.00,0.0005
3143.00,0.0005
3142.00,0.0004
3141.00,0.0004
3140.00,0.0004
3139.00,0.0004
3138.00,0.0004
3137.00,0.0005
3136.00,0.0005
3135.00,0.0005
3134.00,0.0005
3133.00,0.0005
3132.00,0.0005
3131.00,0.0005
3130.00,0.0005
3129.00,0.0005
3128.00,0.0005
3127.00,0.0005
3126.00,0.0005
3125.00,0.0005
3124.00,0.0005
3123.00,0.0005
3122.00,0.0004
3121.00,0.0004
3120.00,0.0004
3119.00,0.0004
3118.00,0.0004
3117.00,0.0004
3116.00,0.0004
3115.00,0.0004
3114.00,0.0004
3113.00,0.0004
3112.00,0.0004
3111.00,0.0004
3110.00,0.0004
3109.00,0.0004
3108.00,0.0004
3107.00,0.0004
3106.00,0.0004
3105.00,0.0005
3104.00,0.0005
3103.00,0.0005
3102.00,0.0004
3101.00,0.0004
3100.00,0.0004
3099.00,0.0004
3098.00,0.0004
3097.00,0.0005
3096.00,0.0005
3095.00,0.0005
3094.00,0.0005
3093.00,0.0006
3092.00,0.0005
3091.00,0.0005
3090.00,0.0005
3089.00,0.0005
3088.00,0.0006
3087.00,0.0006
3086.00,0.0006
3085.00,0.0006
3084.00,0.0006
3083.00,0.0006
3082.00,0.0006
3081.00,0.0006
3080.00,0.0006
3079.00,0.0005
3078.00,0.0005
3077.00,0.0005
3076.00,0.0005
3075.00,0.0005
3074.00,0.0005
3073.00,0.0006
3072.00,0.0006
3071.00,0.0005
3070.00,0.0005
3069.00,0.0005
3068.00,0.0006
3067.00,0.0006
3066.00,0.0007
3065.00,0.0007
3064.00,0.0008
3063.00,0.0008
3062.00,0.0008
3061.00,0.0007
3060.00,0.0007
3059.00,0.0007
3058.00,0.0007
3057.00,0.0007
3056.00,0.0007
3055.00,0.0007
3054.00,0.0006
3053.00,0.0006
3052.00,0.0006
3051.00,0.0006
3050.00,0.0006
3049.00,0.0006
3048.00,0.0006
3047.00,0.0005
3046.00,0.0005
3045.00,0.0004
3044.00,0.0004
3043.00,0.0004
3042.00,0.0005
3041.00,0.0005
3040.00,0.0006
3039.00,0.0006
3038.00,0.0007
3037.00,0.0007
3036.00,0.0007
3035.00,0.0007
3034.00,0.0007
3033.00,0.0007
3032.00,0.0007
3031.00,0.0007
3030.00,0.0007
3029.00,0.0008
3028.00,0.0008
3027.00,0.0008
3026.00,0.0008
3025.00,0.0008
3024.00,0.0008
3023.00,0.0007
3022.00,0.0007
3021.00,0.0006
3020.00,0.0006
3019.00,0.0006
3018.00,0.0006
3017.00,0.0006
3016.00,0.0006
3015.00,0.0006
3014.00,0.0006
3013.00,0.0005
3012.00,0.0005
3011.00,0.0005
3010.00,0.0005
3009.00,0.0005
3008.00,0.0005
3007.00,0.0005
3006.00,0.0005
3005.00,0.0005
3004.00,0.0005
3003.00,0.0005
3002.00,0.0005
3001.00,0.0005
3000.00,0.0004
2999.00,0.0004
2998.00,0.0004
2997.00,0.0004
2996.00,0.0005
2995.00,0.0005
2994.00,0.0005
2993.00,0.0005
2992.00,0.0005
2991.00,0.0005
2990.00,0.0005
2989.00,0.0004
2988.00,0.0004
2987.00,0.0004
2986.00,0.0004
2985.00,0.0004
2984.00,0.0003
2983.00,0.0003
2982.00,0.0003
2981.00,0.0003
2980.00,0.0003
2979.00,0.0003
2978.00,0.0004
2977.00,0.0004
2976.00,0.0004
2975.00,0.0004
2974.00,0.0004
2973.00,0.0004
2972.00,0.0004
2971.00,0.0004
2970.00,0.0004
2969.00,0.0005
2968.00,0.0005
2967.00,0.0005
2966.00,0.0005
2965.00,0.0004
2964.00,0.0004
2963.00,0.0004
2962.00,0.0004
2961.00,0.0004
2960.00,0.0005
2959.00,0.0005
2958.00,0.0005
2957.00,0.0005
2956.00,0.0005
2955.00,0.0005
2954.00,0.0005
2953.00,0.0005
2952.00,0.0006
2951.00,0.0006
2950.00,0.0006
2949.00,0.0006
2948.00,0.0006
2947.00,0.0006
2946.00,0.0006
2945.00,0.0006
2944.00,0.0007
2943.00,0.0007
2942.00,0.0006
2941.00,0.0006
2940.00,0.0006
2939.00,0.0007
2938.00,0.0007
2937.00,0.0007
2936.00,0.0007
2935.00,0.0008
2934.00,0.0008
2933.00,0.0008
2932.00,0.0008
2931.00,0.0008
2930.00,0.0008
2929.00,0.0008
2928.00,0.0008
2927.00,0.0008
2926.00,0.0008
2925.00,0.0008
2924.00,0.0008
2923.00,0.0008
2922.00,0.0008
2921.00,0.0008
2920.00,0.0008
2919.00,0.0008
2918.00,0.0008
2917.00,0.0008
2916.00,0.0008
2915.00,0.0008
2914.00,0.0007
2913.00,0.0007
2912.00,0.0007
2911.00,0.0007
2910.00,0.0007
2909.00,0.0007
2908.00,0.0007
2907.00,0.0007
2906.00,0.0007
2905.00,0.0008
2904.00,0.0008
2903.00,0.0008
2902.00,0.0008
2901.00,0.0007
2900.00,0.0007
2899.00,0.0007
2898.00,0.0007
2897.00,0.0007
2896.00,0.0007
2895.00,0.0007
2894.00,0.0007
2893.00,0.0007
2892.00,0.0007
2891.00,0.0007
2890.00,0.0007
2889.00,0.0007
2888.00,0.0007
2887.00,0.0006
2886.00,0.0006
2885.00,0.0006
2884.00,0.0006
2883.00,0.0006
2882.00,0.0006
2881.00,0.0006
2880.00,0.0006
2879.00,0.0005
2878.00,0.0005
2877.00,0.0005
2876.00,0.0006
2875.00,0.0006
2874.00,0.0006
2873.00,0.0006
2872.00,0.0006
2871.00,0.0005
2870.00,0.0005
2869.00,0.0005
2868.00,0.0005
2867.00,0.0005
2866.00,0.0005
2865.00,0.0004
2864.00,0.0004
2863.00,0.0004
2862.00,0.0005
2861.00,0.0005
2860.00,0.0005
2859.00,0.0005
2858.00,0.0005
2857.00,0.0005
2856.00,0.0005
2855.00,0.0005
2854.00,0.0005
2853.00,0.0006
2852.00,0.0006
2851.00,0.0006
2850.00,0.0006
2849.00,0.0006
2848.00,0.0006
2847.00,0.0006
2846.00,0.0006
2845.00,0.0006
2844.00,0.0006
2843.00,0.0006
2842.00,0.0005
2841.00,0.0005
2840.00,0.0005
2839.00,0.0004
2838.00,0.0004
2837.00,0.0004
2836.00,0.0004
2835.00,0.0004
2834.00,0.0004
2833.00,0.0004
2832.00,0.0003
2831.00,0.0003
2830.00,0.0003
2829.00,0.0003
2828.00,0.0003
2827.00,0.0003
2826.00,0.0003
2825.00,0.0003
2824.00,0.0003
2823.00,0.0003
2822.00,0.0003
2821.00,0.0003
2820.00,0.0003
2819.00,0.0003
2818.00,0.0003
2817.00,0.0002
2816.00,0.0002
2815.00,0.0002
2814.00,0.0002
2813.00,0.0003
2812.00,0.0003
2811.00,0.0003
2810.00,0.0003
2809.00,0.0003
2808.00,0.0002
2807.00,0.0002
2806.00,0.0002
2805.00,0.0003
2804.00,0.0003
2803.00,0.0003
2802.00,0.0003
2801.00,0.0003
2800.00,0.0003
2799.00,0.0002
2798.00,0.0002
2797.00,0.0002
2796.00,0.0002
2795.00,0.0002
2794.00,0.0002
2793.00,0.0002
2792.00,0.0002
2791.00,0.0003
2790.00,0.0003
2789.00,0.0003
2788.00,0.0003
2787.00,0.0003
2786.00,0.0003
2785.00,0.0003
2784.00,0.0003
2783.00,0.0003
2782.00,0.0002
2781.00,0.0002
2780.00,0.0002
2779.00,0.0002
2778.00,0.0002
2777.00,0.0002
2776.00,0.0002
2775.00,0.0002
2774.00,0.0002
2773.00,0.0002
2772.00,0.0002
2771.00,0.0002
2770.00,0.0002
2769.00,0.0002
2768.00,0.0002
2767.00,0.0002
2766.00,0.0002
2765.00,0.0002
2764.00,0.0002
2763.00,0.0002
2762.00,0.0002
2761.00,0.0001
2760.00,0.0002
2759.00,0.0002
2758.00,0.0002
2757.00,0.0002
2756.00,0.0002
2755.00,0.0002
2754.00,0.0001
2753.00,0.0001
2752.00,0.0001
2751.00,0.0001
2750.00,0.0002
2749.00,0.0002
2748.00,0.0002
2747.00,0.0002
2746.00,0.0002
2745.00,0.0002
2744.00,0.0002
2743.00,0.0002
2742.00,0.0002
2741.00,0.0002
2740.00,0.0001
2739.00,0.0001
2738.00,0.0001
2737.00,0.0001
2736.00,0.0001
2735.00,0.0001
2734.00,0.0001
2733.00,0.0001
2732.00,0.0001
2731.00,0.0001
2730.00,0.0001
2729.00,0.0001
2728.00,0.0002
2727.00,0.0002
2726.00,0.0002
2725.00,0.0002
2724.00,0.0002
2723.00,0.0001
2722.00,0.0001
2721.00,0.0001
2720.00,0.0001
2719.00,0.0001
2718.00,0.0001
2717.00,0.0001
2716.00,0.0001
2715.00,0.0001
2714.00,0.0001
2713.00,0.0001
2712.00,0.0001
2711.00,0.0001
2710.00,0.0001
2709.00,0.0001
2708.00,0.0001
2707.00,0.0001
2706.00,0.0001
2705.00,0.0001
2704.00,0.0001
2703.00,0.0001
2702.00,0.0001
2701.00,0.0001
2700.00,0.0001
2699.00,0.0001
2698.00,0.0001
2697.00,0.0001
2696.00,0.0001
2695.00,0.0002
2694.00,0.0001
2693.00,0.0001
2692.00,0.0001
2691.00,0.0001
2690.00,0.0001
2689.00,0.0001
2688.00,0.0001
2687.00,0.0001
2686.00,0.0001
2685.00,0.0001
2684.00,0.0001
2683.00,0.0001
2682.00,0.0001
2681.00,0.0001
2680.00,0.0001
2679.00,0.0001
2678.00,0.0001
2677.00,0.0001
2676.00,0.0001
2675.00,0.0001
2674.00,0.0001
2673.00,0.0001
2672.00,0.0001
2671.00,0.0001
2670.00,0.0001
2669.00,0.0001
2668.00,0.0001
2667.00,0.0001
2666.00,0.0001
2665.00,0.0002
2664.00,0.0002
2663.00,0.0003
2662.00,0.0003
2661.00,0.0003
2660.00,0.0002
2659.00,0.0002
2658.00,0.0002
2657.00,0.0002
2656.00,0.0002
2655.00,0.0002
2654.00,0.0002
2653.00,0.0002
2652.00,0.0002
2651.00,0.0002
2650.00,0.0002
2649.00,0.0002
2648.00,0.0002
2647.00,0.0002
2646.00,0.0002
2645.00,0.0003
2644.00,0.0003
2643.00,0.0003
2642.00,0.0003
2641.00,0.0003
2640.00,0.0003
2639.00,0.0004
2638.00,0.0004
2637.00,0.0004
2636.00,0.0003
2635.00,0.0003
2634.00,0.0003
2633.00,0.0003
2632.00,0.0002
2631.00,0.0002
2630.00,0.0002
2629.00,0.0002
2628.00,0.0002
2627.00,0.0002
2626.00,0.0002
2625.00,0.0002
2624.00,0.0002
2623.00,0.0001
2622.00,0.0001
2621.00,0.0001
2620.00,0.0002
2619.00,0.0002
2618.00,0.0002
2617.00,0.0002
2616.00,0.0002
2615.00,0.0002
2614.00,0.0002
2613.00,0.0002
2612.00,0.0002
2611.00,0.0002
2610.00,0.0002
2609.00,0.0002
2608.00,0.0002
2607.00,0.0002
2606.00,0.0002
2605.00,0.0002
2604.00,0.0002
2603.00,0.0002
2602.00,0.0002
2601.00,0.0002
2600.00,0.0001
2599.00,0.0001
2598.00,0.0001
2597.00,0.0001
2596.00,0.0001
2595.00,0.0001
2594.00,0.0001
2593.00,0.0001
2592.00,0.0001
2591.00,0.0002
2590.00,0.0002
2589.00,0.0003
2588.00,0.0003
2587.00,0.0003
2586.00,0.0002
2585.00,0.0002
2584.00,0.0001
2583.00,0.0001
2582.00,0.0002
2581.00,0.0002
2580.00,0.0002
2579.00,0.0002
2578.00,0.0002
2577.00,0.0002
2576.00,0.0001
2575.00,0.0001
2574.00,0.0002
2573.00,0.0002
2572.00,0.0003
2571.00,0.0003
2570.00,0.0002
2569.00,0.0001
2568.00,0.0000
2567.00,-0.0000
2566.00,-0.0001
2565.00,-0.0000
2564.00,-0.0000
2563.00,0.0000
2562.00,0.0001
2561.00,0.0001
2560.00,0.0001
2559.00,0.0001
2558.00,0.0001
2557.00,0.0001
2556.00,0.0001
2555.00,0.0001
2554.00,0.0001
2553.00,0.0001
2552.00,0.0001
2551.00,0.0001
2550.00,0.0001
2549.00,0.0000
2548.00,0.0000
2547.00,0.0000
2546.00,0.0000
2545.00,0.0001
2544.00,0.0001
2543.00,0.0001
2542.00,0.0001
2541.00,0.0001
2540.00,0.0002
2539.00,0.0001
2538.00,0.0001
2537.00,0.0001
2536.00,0.0001
2535.00,0.0002
2534.00,0.0002
2533.00,0.0002
2532.00,0.0001
2531.00,0.0001
2530.00,0.0001
2529.00,0.0001
2528.00,0.0001
2527.00,0.0001
2526.00,0.0001
2525.00,0.0001
2524.00,0.0001
2523.00,0.0000
2522.00,0.0000
2521.00,0.0000
2520.00,0.0001
2519.00,0.0001
2518.00,0.0001
2517.00,0.0002
2516.00,0.0002
2515.00,0.0002
2514.00,0.0001
2513.00,0.0001
2512.00,0.0001
2511.00,0.0001
2510.00,0.0001
2509.00,0.0001
2508.00,0.0001
2507.00,0.0001
2506.00,0.0001
2505.00,0.0001
2504.00,0.0001
2503.00,0.0001
2502.00,0.0001
2501.00,0.0001
2500.00,0.0001
2499.00,0.0001
2498.00,0.0001
2497.00,0.0001
2496.00,0.0001
2495.00,0.0001
2494.00,0.0000
2493.00,-0.0000
2492.00,-0.0000
2491.00,-0.0000
2490.00,0.0001
2489.00,0.0001
2488.00,0.0001
2487.00,0.0001
2486.00,0.0001
2485.00,0.0001
2484.00,0.0000
2483.00,0.0000
2482.00,-0.0000
2481.00,-0.0000
2480.00,-0.0000
2479.00,-0.0000
2478.00,0.0000
2477.00,0.0000
2476.00,-0.0000
2475.00,-0.0000
2474.00,-0.0000
2473.00,-0.0000
2472.00,-0.0000
2471.00,-0.0000
2470.00,0.0000
2469.00,0.0000
2468.00,0.0001
2467.00,0.0001
2466.00,0.0001
2465.00,0.0001
2464.00,0.0001
2463.00,0.0001
2462.00,0.0002
2461.00,0.0001
2460.00,0.0001
2459.00,0.0000
2458.00,0.0000
2457.00,0.0001
2456.00,0.0001
2455.00,0.0001
2454.00,0.0002
2453.00,0.0001
2452.00,0.0001
2451.00,0.0000
2450.00,0.0000
2449.00,0.0000
2448.00,0.0000
2447.00,0.0000
2446.00,0.0000
2445.00,0.0000
2444.00,0.0000
2443.00,0.0001
2442.00,0.0001
2441.00,0.0002
2440.00,0.0002
2439.00,0.0002
2438.00,0.0002
2437.00,0.0002
2436.00,0.0002
2435.00,0.0002
2434.00,0.0002
2433.00,0.0001
2432.00,0.0001
2431.00,0.0000
2430.00,-0.0000
2429.00,-0.0001
2428.00,-0.0001
2427.00,0.0000
2426.00,0.0001
2425.00,0.0001
2424.00,0.0001
2423.00,0.0001
2422.00,0.0000
2421.00,-0.0000
2420.00,-0.0000
2419.00,-0.0000
2418.00,-0.0000
2417.00,-0.0000
2416.00,-0.0000
2415.00,-0.0000
2414.00,-0.0000
2413.00,-0.0000
2412.00,-0.0000
2411.00,-0.0000
2410.00,-0.0000
2409.00,0.0000
2408.00,0.0001
2407.00,0.0001
2406.00,0.0001
2405.00,0.0001
2404.00,0.0001
2403.00,0.0001
2402.00,0.0001
2401.00,0.0001
2400.00,0.0001
2399.00,0.0000
2398.00,0.0000
2397.00,0.0000
2396.00,0.0000
2395.00,0.0000
2394.00,0.0000
2393.00,0.0000
2392.00,0.0000
2391.00,0.0000
2390.00,0.0000
2389.00,0.0001
2388.00,0.0000
2387.00,0.0000
2386.00,-0.0000
2385.00,-0.0001
2384.00,-0.0001
2383.00,-0.0001
2382.00,-0.0001
2381.00,-0.0000
2380.00,-0.0000
2379.00,-0.0001
2378.00,-0.0001
2377.00,-0.0001
2376.00,-0.0001
2375.00,-0.0001
2374.00,-0.0001
2373.00,-0.0001
2372.00,-0.0001
2371.00,-0.0001
2370.00,-0.0001
2369.00,-0.0001
2368.00,-0.0001
2367.00,-0.0001
2366.00,-0.0000
2365.00,0.0000
2364.00,0.0000
2363.00,0.0000
2362.00,-0.0000
2361.00,-0.0001
2360.00,-0.0001
2359.00,-0.0002
2358.00,-0.0002
2357.00,-0.0001
2356.00,-0.0001
2355.00,-0.0000
2354.00,-0.0000
2353.00,-0.0000
2352.00,-0.0000
2351.00,-0.0000
2350.00,-0.0000
2349.00,-0.0000
2348.00,-0.0000
2347.00,0.0000
2346.00,0.0001
2345.00,0.0001
2344.00,0.0001
2343.00,0.0001
2342.00,0.0001
2341.00,0.0000
2340.00,0.0000
2339.00,0.0000
2338.00,0.0000
2337.00,0.0000
2336.00,-0.0000
2335.00,-0.0001
2334.00,-0.0001
2333.00,-0.0000
2332.00,0.0001
2331.00,0.0001
2330.00,0.0001
2329.00,0.0002
2328.00,0.0002
2327.00,0.0003
2326.00,0.0003
2325.00,0.0003
2324.00,0.0003
2323.00,0.0003
2322.00,0.0003
2321.00,0.0003
2320.00,0.0003
2319.00,0.0002
2318.00,0.0002
2317.00,0.0002
2316.00,0.0001
2315.00,0.0002
2314.00,0.0002
2313.00,0.0002
2312.00,0.0002
2311.00,0.0003
2310.00,0.0003
2309.00,0.0003
2308.00,0.0002
2307.00,0.0002
2306.00,0.0001
2305.00,0.0002
2304.00,0.0002
2303.00,0.0003
2302.00,0.0003
2301.00,0.0003
2300.00,0.0003
2299.00,0.0003
2298.00,0.0003
2297.00,0.0003
2296.00,0.0003
2295.00,0.0003
2294.00,0.0003
2293.00,0.0003
2292.00,0.0003
2291.00,0.0003
2290.00,0.0003
2289.00,0.0003
2288.00,0.0003
2287.00,0.0003
2286.00,0.0004
2285.00,0.0003
2284.00,0.0002
2283.00,0.0001
2282.00,0.0001
2281.00,0.0001
2280.00,0.0002
2279.00,0.0003
2278.00,0.0003
2277.00,0.0004
2276.00,0.0004
2275.00,0.0003
2274.00,0.0002
2273.00,0.0002
2272.00,0.0001
2271.00,0.0002
2270.00,0.0002
2269.00,0.0002
2268.00,0.0002
2267.00,0.0002
2266.00,0.0001
2265.00,0.0000
2264.00,-0.0001
2263.00,-0.0001
2262.00,-0.0001
2261.00,-0.0000
2260.00,0.0000
2259.00,0.0001
2258.00,0.0001
2257.00,0.0002
2256.00,0.0002
2255.00,0.0002
2254.00,0.0001
2253.00,0.0001
2252.00,0.0000
2251.00,0.0000
2250.00,0.0000
2249.00,0.0001
2248.00,0.0001
2247.00,0.0001
2246.00,0.0000
2245.00,-0.0000
2244.00,-0.0001
2243.00,-0.0001
2242.00,-0.0000
2241.00,-0.0001
2240.00,-0.0001
2239.00,-0.0001
2238.00,-0.0000
2237.00,0.0001
2236.00,0.0002
2235.00,0.0002
2234.00,0.0001
2233.00,0.0000
2232.00,-0.0000
2231.00,-0.0000
2230.00,-0.0001
2229.00,-0.0002
2228.00,-0.0004
2227.00,-0.0005
2226.00,-0.0004
2225.00,-0.0003
2224.00,-0.0001
2223.00,0.0000
2222.00,0.0000
2221.00,0.0000
2220.00,-0.0000
2219.00,-0.0000
2218.00,-0.0001
2217.00,-0.0001
2216.00,-0.0001
2215.00,-0.0001
2214.00,-0.0000
2213.00,-0.0000
2212.00,-0.0001
2211.00,-0.0001
2210.00,-0.0001
2209.00,-0.0001
2208.00,-0.0001
2207.00,-0.0001
2206.00,-0.0001
2205.00,-0.0001
2204.00,-0.0001
2203.00,-0.0001
2202.00,-0.0001
2201.00,-0.0001
2200.00,-0.0001
2199.00,-0.0001
2198.00,-0.0001
2197.00,-0.0001
2196.00,-0.0001
2195.00,-0.0001
2194.00,-0.0001
2193.00,-0.0001
2192.00,-0.0002
2191.00,-0.0003
2190.00,-0.0003
2189.00,-0.0002
2188.00,-0.0001
2187.00,-0.0001
2186.00,-0.0002
2185.00,-0.0004
2184.00,-0.0006
2183.00,-0.0007
2182.00,-0.0006
2181.00,-0.0004
2180.00,-0.0002
2179.00,-0.0001
2178.00,0.0001
2177.00,0.0003
2176.00,0.0004
2175.00,0.0005
2174.00,0.0004
2173.00,0.0002
2172.00,0.0001
2171.00,0.0001
2170.00,0.0000
2169.00,-0.0000
2168.00,-0.0002
2167.00,-0.0003
2166.00,-0.0004
2165.00,-0.0004
2164.00,-0.0001
2163.00,0.0002
2162.00,0.0003
2161.00,0.0000
2160.00,-0.0006
2159.00,-0.0012
2158.00,-0.0015
2157.00,-0.0013
2156.00,-0.0009
2155.00,-0.0005
2154.00,-0.0003
2153.00,-0.0004
2152.00,-0.0005
2151.00,-0.0006
2150.00,-0.0007
2149.00,-0.0007
2148.00,-0.0007
2147.00,-0.0007
2146.00,-0.0006
2145.00,-0.0004
2144.00,-0.0003
2143.00,-0.0002
2142.00,-0.0002
2141.00,-0.0003
2140.00,-0.0003
2139.00,-0.0004
2138.00,-0.0004
2137.00,-0.0004
2136.00,-0.0004
2135.00,-0.0005
2134.00,-0.0005
2133.00,-0.0004
2132.00,-0.0003
2131.00,-0.0002
2130.00,-0.0001
2129.00,-0.0001
2128.00,-0.0002
2127.00,-0.0002
2126.00,-0.0002
2125.00,-0.0002
2124.00,-0.0001
2123.00,-0.0001
2122.00,-0.0001
2121.00,-0.0001
2120.00,-0.0000
2119.00,0.0000
2118.00,0.0000
2117.00,-0.0000
2116.00,-0.0001
2115.00,-0.0001
2114.00,-0.0001
2113.00,-0.0001
2112.00,0.0000
2111.00,0.0001
2110.00,0.0000
2109.00,-0.0001
2108.00,-0.0001
2107.00,-0.0001
2106.00,0.0000
2105.00,0.0002
2104.00,0.0004
2103.00,0.0003
2102.00,0.0002
2101.00,-0.0000
2100.00,-0.0002
2099.00,-0.0003
2098.00,-0.0004
2097.00,-0.0004
2096.00,-0.0004
2095.00,-0.0003
2094.00,-0.0002
2093.00,-0.0001
2092.00,0.0000
2091.00,0.0001
2090.00,0.0002
2089.00,0.0002
2088.00,0.0002
2087.00,0.0001
2086.00,0.0001
2085.00,0.0002
2084.00,0.0003
2083.00,0.0004
2082.00,0.0004
2081.00,0.0003
2080.00,0.0002
2079.00,0.0001
2078.00,0.0000
2077.00,0.0000
2076.00,0.0000
2075.00,-0.0000
2074.00,-0.0001
2073.00,-0.0001
2072.00,-0.0000
2071.00,0.0001
2070.00,0.0001
2069.00,-0.0000
2068.00,-0.0001
2067.00,-0.0003
2066.00,-0.0003
2065.00,-0.0004
2064.00,-0.0003
2063.00,-0.0002
2062.00,-0.0001
2061.00,0.0001
2060.00,0.0002
2059.00,0.0003
2058.00,0.0003
2057.00,0.0003
2056.00,0.0002
2055.00,0.0000
2054.00,-0.0000
2053.00,0.0000
2052.00,0.0001
2051.00,0.0003
2050.00,0.0004
2049.00,0.0005
2048.00,0.0004
2047.00,0.0003
2046.00,0.0003
2045.00,0.0003
2044.00,0.0003
2043.00,0.0003
2042.00,0.0004
2041.00,0.0005
2040.00,0.0005
2039.00,0.0004
2038.00,0.0001
2037.00,-0.0002
2036.00,-0.0004
2035.00,-0.0004
2034.00,-0.0002
2033.00,0.0001
2032.00,0.0002
2031.00,0.0003
2030.00,0.0003
2029.00,0.0003
2028.00,0.0001
2027.00,-0.0001
2026.00,-0.0003
2025.00,-0.0005
2024.00,-0.0005
2023.00,-0.0005
2022.00,-0.0004
2021.00,-0.0003
2020.00,-0.0003
2019.00,-0.0003
2018.00,-0.0003
2017.00,-0.0003
2016.00,-0.0003
2015.00,-0.0003
2014.00,-0.0003
2013.00,-0.0002
2012.00,-0.0001
2011.00,-0.0000
2010.00,0.0000
2009.00,0.0000
2008.00,-0.0000
2007.00,-0.0001
2006.00,-0.0002
2005.00,-0.0002
2004.00,-0.0004
2003.00,-0.0006
2002.00,-0.0009
2001.00,-0.0010
2000.00,-0.0009
1999.00,-0.0007
1998.00,-0.0005
1997.00,-0.0004
1996.00,-0.0005
1995.00,-0.0005
1994.00,-0.0005
1993.00,-0.0004
1992.00,-0.0003
1991.00,-0.0003
1990.00,-0.0003
1989.00,-0.0003
1988.00,-0.0003
1987.00,-0.0004
1986.00,-0.0005
1985.00,-0.0004
1984.00,-0.0003
1983.00,-0.0000
1982.00,0.0003
1981.00,0.0006
1980.00,0.0008
1979.00,0.0007
1978.00,0.0005
1977.00,0.0002
1976.00,0.0001
1975.00,0.0000
1974.00,-0.0001
1973.00,-0.0002
1972.00,-0.0003
1971.00,-0.0003
1970.00,-0.0003
1969.00,-0.0002
1968.00,-0.0002
1967.00,-0.0002
1966.00,-0.0002
1965.00,-0.0001
1964.00,0.0001
1963.00,0.0002
1962.00,0.0002
1961.00,0.0001
1960.00,-0.0001
1959.00,-0.0003
1958.00,-0.0004
1957.00,-0.0005
1956.00,-0.0005
1955.00,-0.0005
1954.00,-0.0004
1953.00,-0.0002
1952.00,-0.0001
1951.00,0.0001
1950.00,0.0001
1949.00,0.0001
1948.00,0.0001
1947.00,0.0000
1946.00,-0.0001
1945.00,-0.0002
1944.00,-0.0002
1943.00,-0.0001
1942.00,0.0000
1941.00,0.0001
1940.00,0.0001
1939.00,0.0001
1938.00,0.0001
1937.00,0.0000
1936.00,-0.0001
1935.00,-0.0002
1934.00,-0.0002
1933.00,-0.0002
1932.00,-0.0002
1931.00,-0.0002
1930.00,-0.0001
1929.00,-0.0001
1928.00,-0.0000
1927.00,0.0000
1926.00,0.0001
1925.00,0.0001
1924.00,0.0001
1923.00,0.0000
1922.00,-0.0000
1921.00,-0.0000
1920.00,0.0000
1919.00,0.0001
1918.00,0.0000
1917.00,0.0000
1916.00,0.0000
1915.00,0.0000
1914.00,0.0000
1913.00,0.0001
1912.00,0.0001
1911.00,0.0001
1910.00,0.0000
1909.00,-0.0000
1908.00,-0.0001
1907.00,-0.0001
1906.00,-0.0001
1905.00,-0.0000
1904.00,0.0000
1903.00,0.0000
1902.00,-0.0000
1901.00,-0.0000
1900.00,-0.0000
1899.00,-0.0000
1898.00,0.0000
1897.00,-0.0000
1896.00,-0.0001
1895.00,-0.0001
1894.00,-0.0001
1893.00,-0.0000
1892.00,0.0000
1891.00,0.0000
1890.00,0.0000
1889.00,0.0001
1888.00,0.0001
1887.00,0.0001
1886.00,0.0001
1885.00,0.0001
1884.00,0.0000
1883.00,0.0000
1882.00,0.0001
1881.00,0.0001
1880.00,0.0001
1879.00,0.0001
1878.00,0.0000
1877.00,0.0000
1876.00,0.0000
1875.00,0.0001
1874.00,0.0001
1873.00,0.0001
1872.00,0.0001
1871.00,0.0000
1870.00,-0.0000
1869.00,-0.0000
1868.00,-0.0000
1867.00,0.0001
1866.00,0.0001
1865.00,0.0002
1864.00,0.0002
1863.00,0.0001
1862.00,0.0001
1861.00,0.0001
1860.00,0.0001
1859.00,0.0001
1858.00,0.0001
1857.00,0.0002
1856.00,0.0001
1855.00,0.0001
1854.00,0.0001
1853.00,0.0001
1852.00,0.0000
1851.00,-0.0000
1850.00,-0.0001
1849.00,-0.0001
1848.00,-0.0000
1847.00,0.0000
1846.00,0.0001
1845.00,0.0002
1844.00,0.0002
1843.00,0.0001
1842.00,0.0001
1841.00,0.0001
1840.00,0.0000
1839.00,-0.0000
1838.00,-0.0001
1837.00,-0.0001
1836.00,-0.0000
1835.00,-0.0000
1834.00,-0.0000
1833.00,-0.0001
1832.00,-0.0001
1831.00,-0.0002
1830.00,-0.0002
1829.00,-0.0001
1828.00,-0.0001
1827.00,-0.0001
1826.00,-0.0001
1825.00,-0.0001
1824.00,-0.0000
1823.00,0.0000
1822.00,0.0001
1821.00,0.0001
1820.00,0.0001
1819.00,0.0001
1818.00,0.0000
1817.00,0.0000
1816.00,-0.0000
1815.00,-0.0000
1814.00,-0.0000
1813.00,-0.0001
1812.00,-0.0001
1811.00,-0.0001
1810.00,0.0000
1809.00,0.0001
1808.00,0.0002
1807.00,0.0002
1806.00,0.0002
1805.00,0.0002
1804.00,0.0002
1803.00,0.0001
1802.00,0.0001
1801.00,0.0001
1800.00,0.0001
1799.00,0.0002
1798.00,0.0002
1797.00,0.0002
1796.00,0.0002
1795.00,0.0001
1794.00,0.0001
1793.00,0.0002
1792.00,0.0001
1791.00,0.0001
1790.00,0.0001
1789.00,0.0002
1788.00,0.0002
1787.00,0.0002
1786.00,0.0002
1785.00,0.0002
1784.00,0.0002
1783.00,0.0002
1782.00,0.0002
1781.00,0.0002
1780.00,0.0002
1779.00,0.0002
1778.00,0.0002
1777.00,0.0002
1776.00,0.0001
1775.00,0.0001
1774.00,0.0002
1773.00,0.0002
1772.00,0.0003
1771.00,0.0003
1770.00,0.0002
1769.00,0.0003
1768.00,0.0003
1767.00,0.0003
1766.00,0.0002
1765.00,0.0002
1764.00,0.0002
1763.00,0.0002
1762.00,0.0002
1761.00,0.0002
1760.00,0.0002
1759.00,0.0002
1758.00,0.0003
1757.00,0.0003
1756.00,0.0003
1755.00,0.0003
1754.00,0.0003
1753.00,0.0003
1752.00,0.0004
1751.00,0.0004
1750.00,0.0003
1749.00,0.0002
1748.00,0.0002
1747.00,0.0002
1746.00,0.0002
1745.00,0.0002
1744.00,0.0002
1743.00,0.0002
1742.00,0.0002
1741.00,0.0002
1740.00,0.0002
1739.00,0.0002
1738.00,0.0002
1737.00,0.0002
1736.00,0.0002
1735.00,0.0003
1734.00,0.0003
1733.00,0.0003
1732.00,0.0003
1731.00,0.0002
1730.00,0.0002
1729.00,0.0003
1728.00,0.0003
1727.00,0.0003
1726.00,0.0003
1725.00,0.0003
1724.00,0.0003
1723.00,0.0003
1722.00,0.0003
1721.00,0.0002
1720.00,0.0002
1719.00,0.0003
1718.00,0.0004
1717.00,0.0004
1716.00,0.0005
1715.00,0.0004
1714.00,0.0004
1713.00,0.0004
1712.00,0.0004
1711.00,0.0004
1710.00,0.0004
1709.00,0.0004
1708.00,0.0004
1707.00,0.0004
1706.00,0.0004
1705.00,0.0004
1704.00,0.0004
1703.00,0.0004
1702.00,0.0005
1701.00,0.0006
1700.00,0.0006
1699.00,0.0006
1698.00,0.0006
1697.00,0.0006
1696.00,0.0006
1695.00,0.0006
1694.00,0.0006
1693.00,0.0007
1692.00,0.0007
1691.00,0.0008
1690.00,0.0008
1689.00,0.0008
1688.00,0.0008
1687.00,0.0008
1686.00,0.0008
1685.00,0.0008
1684.00,0.0008
1683.00,0.0009
1682.00,0.0009
1681.00,0.0010
1680.00,0.0011
1679.00,0.0010
1678.00,0.0010
1677.00,0.0010
1676.00,0.0010
1675.00,0.0011
1674.00,0.0011
1673.00,0.0011
1672.00,0.0011
1671.00,0.0011
1670.00,0.0011
1669.00,0.0011
1668.00,0.0011
1667.00,0.0012
1666.00,0.0012
1665.00,0.0012
1664.00,0.0012
1663.00,0.0012
1662.00,0.0012
1661.00,0.0013
1660.00,0.0013
1659.00,0.0014
1658.00,0.0014
1657.00,0.0014
1656.00,0.0014
1655.00,0.0014
1654.00,0.0013
1653.00,0.0012
1652.00,0.0012
1651.00,0.0013
1650.00,0.0013
1649.00,0.0014
1648.00,0.0015
1647.00,0.0015
1646.00,0.0015
1645.00,0.0015
1644.00,0.0015
1643.00,0.0015
1642.00,0.0015
1641.00,0.0015
1640.00,0.0014
1639.00,0.0014
1638.00,0.0014
1637.00,0.0014
1636.00,0.0014
1635.00,0.0014
1634.00,0.0014
1633.00,0.0014
1632.00,0.0014
1631.00,0.0014
1630.00,0.0014
1629.00,0.0014
1628.00,0.0013
1627.00,0.0012
1626.00,0.0012
1625.00,0.0012
1624.00,0.0012
1623.00,0.0012
1622.00,0.0012
1621.00,0.0012
1620.00,0.0012
1619.00,0.0012
1618.00,0.0012
1617.00,0.0012
1616.00,0.0011
1615.00,0.0011
1614.00,0.0011
1613.00,0.0011
1612.00,0.0011
1611.00,0.0011
1610.00,0.0011
1609.00,0.0010
1608.00,0.0010
1607.00,0.0011
1606.00,0.0011
1605.00,0.0011
1604.00,0.0012
1603.00,0.0012
1602.00,0.0011
1601.00,0.0011
1600.00,0.0010
1599.00,0.0010
1598.00,0.0009
1597.00,0.0009
1596.00,0.0008
1595.00,0.0008
1594.00,0.0008
1593.00,0.0008
1592.00,0.0007
1591.00,0.0007
1590.00,0.0007
1589.00,0.0008
1588.00,0.0008
1587.00,0.0008
1586.00,0.0009
1585.00,0.0009
1584.00,0.0009
1583.00,0.0009
1582.00,0.0009
1581.00,0.0008
1580.00,0.0008
1579.00,0.0008
1578.00,0.0008
1577.00,0.0008
1576.00,0.0009
1575.00,0.0009
1574.00,0.0008
1573.00,0.0008
1572.00,0.0008
1571.00,0.0008
1570.00,0.0008
1569.00,0.0008
1568.00,0.0009
1567.00,0.0009
1566.00,0.0009
1565.00,0.0009
1564.00,0.0009
1563.00,0.0009
1562.00,0.0009
1561.00,0.0009
1560.00,0.0010
1559.00,0.0011
1558.00,0.0011
1557.00,0.0011
1556.00,0.0012
1555.00,0.0012
1554.00,0.0012
1553.00,0.0012
1552.00,0.0011
1551.00,0.0011
1550.00,0.0010
1549.00,0.0011
1548.00,0.0011
1547.00,0.0012
1546.00,0.0012
1545.00,0.0013
1544.00,0.0013
1543.00,0.0013
1542.00,0.0013
1541.00,0.0012
1540.00,0.0011
1539.00,0.0010
1538.00,0.0011
1537.00,0.0011
1536.00,0.0011
1535.00,0.0011
1534.00,0.0011
1533.00,0.0011
1532.00,0.0011
1531.00,0.0011
1530.00,0.0011
1529.00,0.0011
1528.00,0.0011
1527.00,0.0011
1526.00,0.0011
1525.00,0.0011
1524.00,0.0010
1523.00,0.0010
1522.00,0.0010
1521.00,0.0010
1520.00,0.0010
1519.00,0.0010
1518.00,0.0010
1517.00,0.0009
1516.00,0.0009
1515.00,0.0009
1514.00,0.0009
1513.00,0.0009
1512.00,0.0008
1511.00,0.0008
1510.00,0.0007
1509.00,0.0007
1508.00,0.0007
1507.00,0.0007
1506.00,0.0007
1505.00,0.0008
1504.00,0.0008
1503.00,0.0009
1502.00,0.0009
1501.00,0.0009
1500.00,0.0010
1499.00,0.0011
1498.00,0.0012
1497.00,0.0014
1496.00,0.0016
1495.00,0.0016
1494.00,0.0016
1493.00,0.0016
1492.00,0.0015
1491.00,0.0014
1490.00,0.0012
1489.00,0.0010
1488.00,0.0009
1487.00,0.0008
1486.00,0.0008
1485.00,0.0007
1484.00,0.0007
1483.00,0.0007
1482.00,0.0006
1481.00,0.0006
1480.00,0.0006
1479.00,0.0006
1478.00,0.0006
1477.00,0.0006
1476.00,0.0006
1475.00,0.0007
1474.00,0.0008
1473.00,0.0009
1472.00,0.0008
1471.00,0.0008
1470.00,0.0008
1469.00,0.0008
1468.00,0.0008
1467.00,0.0007
1466.00,0.0007
1465.00,0.0007
1464.00,0.0007
1463.00,0.0008
1462.00,0.0008
1461.00,0.0009
1460.00,0.0009
1459.00,0.0010
1458.00,0.0012
1457.00,0.0014
1456.00,0.0015
1455.00,0.0017
1454.00,0.0017
1453.00,0.0017
1452.00,0.0017
1451.00,0.0017
1450.00,0.0016
1449.00,0.0015
1448.00,0.0015
1447.00,0.0014
1446.00,0.0013
1445.00,0.0013
1444.00,0.0013
1443.00,0.0013
1442.00,0.0012
1441.00,0.0012
1440.00,0.0012
1439.00,0.0012
1438.00,0.0012
1437.00,0.0012
1436.00,0.0012
1435.00,0.0011
1434.00,0.0011
1433.00,0.0010
1432.00,0.0009
1431.00,0.0009
1430.00,0.0008
1429.00,0.0008
1428.00,0.0008
1427.00,0.0008
1426.00,0.0008
1425.00,0.0008
1424.00,0.0008
1423.00,0.0007
1422.00,0.0007
1421.00,0.0007
1420.00,0.0007
1419.00,0.0007
1418.00,0.0007
1417.00,0.0007
1416.00,0.0007
1415.00,0.0007
1414.00,0.0007
1413.00,0.0007
1412.00,0.0007
1411.00,0.0007
1410.00,0.0007
1409.00,0.0007
1408.00,0.0008
1407.00,0.0008
1406.00,0.0008
1405.00,0.0008
1404.00,0.0008
1403.00,0.0008
1402.00,0.0008
1401.00,0.0007
1400.00,0.0007
1399.00,0.0008
1398.00,0.0008
1397.00,0.0008
1396.00,0.0008
1395.00,0.0008
1394.00,0.0008
1393.00,0.0008
1392.00,0.0008
1391.00,0.0008
1390.00,0.0008
1389.00,0.0008
1388.00,0.0009
1387.00,0.0009
1386.00,0.0008
1385.00,0.0008
1384.00,0.0008
1383.00,0.0007
1382.00,0.0007
1381.00,0.0007
1380.00,0.0008
1379.00,0.0008
1378.00,0.0008
1377.00,0.0008
1376.00,0.0007
1375.00,0.0007
1374.00,0.0007
1373.00,0.0007
1372.00,0.0008
1371.00,0.0008
1370.00,0.0008
1369.00,0.0008
1368.00,0.0008
1367.00,0.0008
1366.00,0.0008
1365.00,0.0007
1364.00,0.0007
1363.00,0.0007
1362.00,0.0008
1361.00,0.0008
1360.00,0.0008
1359.00,0.0008
1358.00,0.0008
1357.00,0.0008
1356.00,0.0007
1355.00,0.0007
1354.00,0.0008
1353.00,0.0008
1352.00,0.0008
1351.00,0.0008
1350.00,0.0008
1349.00,0.0007
1348.00,0.0007
1347.00,0.0007
1346.00,0.0007
1345.00,0.0008
1344.00,0.0008
1343.00,0.0008
1342.00,0.0008
1341.00,0.0008
1340.00,0.0008
1339.00,0.0008
1338.00,0.0008
1337.00,0.0008
1336.00,0.0008
1335.00,0.0008
1334.00,0.0008
1333.00,0.0008
1332.00,0.0008
1331.00,0.0008
1330.00,0.0008
1329.00,0.0008
1328.00,0.0008
1327.00,0.0007
1326.00,0.0007
1325.00,0.0007
1324.00,0.0007
1323.00,0.0007
1322.00,0.0006
1321.00,0.0006
1320.00,0.0006
1319.00,0.0006
1318.00,0.0006
1317.00,0.0006
1316.00,0.0006
1315.00,0.0006
1314.00,0.0006
1313.00,0.0006
1312.00,0.0006
1311.00,0.0007
1310.00,0.0007
1309.00,0.0007
1308.00,0.0007
1307.00,0.0006
1306.00,0.0006
1305.00,0.0006
1304.00,0.0006
1303.00,0.0006
1302.00,0.0006
1301.00,0.0006
1300.00,0.0006
1299.00,0.0006
1298.00,0.0006
1297.00,0.0006
1296.00,0.0006
1295.00,0.0006
1294.00,0.0006
1293.00,0.0006
1292.00,0.0006
1291.00,0.0006
1290.00,0.0006
1289.00,0.0006
1288.00,0.0006
1287.00,0.0006
1286.00,0.0006
1285.00,0.0006
1284.00,0.0006
1283.00,0.0006
1282.00,0.0006
1281.00,0.0006
1280.00,0.0006
1279.00,0.0006
1278.00,0.0006
1277.00,0.0006
1276.00,0.0006
1275.00,0.0006
1274.00,0.0006
1273.00,0.0006
1272.00,0.0006
1271.00,0.0006
1270.00,0.0006
1269.00,0.0006
1268.00,0.0006
1267.00,0.0006
1266.00,0.0006
1265.00,0.0006
1264.00,0.0006
1263.00,0.0006
1262.00,0.0006
1261.00,0.0006
1260.00,0.0006
1259.00,0.0007
1258.00,0.0007
1257.00,0.0007
1256.00,0.0007
1255.00,0.0007
1254.00,0.0007
1253.00,0.0007
1252.00,0.0007
1251.00,0.0007
1250.00,0.0007
1249.00,0.0007
1248.00,0.0007
1247.00,0.0007
1246.00,0.0007
1245.00,0.0007
1244.00,0.0007
1243.00,0.0007
1242.00,0.0008
1241.00,0.0008
1240.00,0.0007
1239.00,0.0007
1238.00,0.0007
1237.00,0.0006
1236.00,0.0007
1235.00,0.0007
1234.00,0.0008
1233.00,0.0007
1232.00,0.0007
1231.00,0.0006
1230.00,0.0006
1229.00,0.0006
1228.00,0.0006
1227.00,0.0006
1226.00,0.0007
1225.00,0.0007
1224.00,0.0007
1223.00,0.0006
1222.00,0.0005
1221.00,0.0005
1220.00,0.0005
1219.00,0.0006
1218.00,0.0006
1217.00,0.0006
1216.00,0.0006
1215.00,0.0006
1214.00,0.0006
1213.00,0.0006
1212.00,0.0006
1211.00,0.0006
1210.00,0.0006
1209.00,0.0007
1208.00,0.0008
1207.00,0.0008
1206.00,0.0007
1205.00,0.0007
1204.00,0.0006
1203.00,0.0006
1202.00,0.0006
1201.00,0.0006
1200.00,0.0006
1199.00,0.0006
1198.00,0.0007
1197.00,0.0007
1196.00,0.0007
1195.00,0.0007
1194.00,0.0007
1193.00,0.0007
1192.00,0.0008
1191.00,0.0008
1190.00,0.0007
1189.00,0.0008
1188.00,0.0008
1187.00,0.0009
1186.00,0.0009
1185.00,0.0010
1184.00,0.0010
1183.00,0.0010
1182.00,0.0010
1181.00,0.0010
1180.00,0.0010
1179.00,0.0011
1178.00,0.0011
1177.00,0.0012
1176.00,0.0012
1175.00,0.0011
1174.00,0.0011
1173.00,0.0011
1172.00,0.0011
1171.00,0.0012
1170.00,0.0012
1169.00,0.0012
1168.00,0.0012
1167.00,0.0012
1166.00,0.0013
1165.00,0.0013
1164.00,0.0013
1163.00,0.0014
1162.00,0.0014
1161.00,0.0014
1160.00,0.0014
1159.00,0.0014
1158.00,0.0014
1157.00,0.0015
1156.00,0.0015
1155.00,0.0015
1154.00,0.0015
1153.00,0.0015
1152.00,0.0015
1151.00,0.0015
1150.00,0.0015
1149.00,0.0015
1148.00,0.0015
1147.00,0.0015
1146.00,0.0015
1145.00,0.0015
1144.00,0.0015
1143.00,0.0015
1142.00,0.0015
1141.00,0.0015
1140.00,0.0015
1139.00,0.0015
1138.00,0.0015
1137.00,0.0014
1136.00,0.0014
1135.00,0.0014
1134.00,0.0014
1133.00,0.0014
1132.00,0.0014
1131.00,0.0014
1130.00,0.0014
1129.00,0.0014
1128.00,0.0015
1127.00,0.0015
1126.00,0.0015
1125.00,0.0015
1124.00,0.0015
1123.00,0.0015
1122.00,0.0015
1121.00,0.0015
1120.00,0.0014
1119.00,0.0014
1118.00,0.0014
1117.00,0.0014
1116.00,0.0014
1115.00,0.0014
1114.00,0.0013
1113.00,0.0013
1112.00,0.0013
1111.00,0.0013
1110.00,0.0013
1109.00,0.0013
1108.00,0.0013
1107.00,0.0013
1106.00,0.0014
1105.00,0.0014
1104.00,0.0013
1103.00,0.0013
1102.00,0.0013
1101.00,0.0014
1100.00,0.0015
1099.00,0.0016
1098.00,0.0015
1097.00,0.0015
1096.00,0.0014
1095.00,0.0014
1094.00,0.0015
1093.00,0.0015
1092.00,0.0016
1091.00,0.0016
1090.00,0.0017
1089.00,0.0018
1088.00,0.0018
1087.00,0.0019
1086.00,0.0020
1085.00,0.0020
1084.00,0.0020
1083.00,0.0020
1082.00,0.0019
1081.00,0.0019
1080.00,0.0019
1079.00,0.0019
1078.00,0.0019
1077.00,0.0019
1076.00,0.0019
1075.00,0.0020
1074.00,0.0021
1073.00,0.0021
1072.00,0.0022
1071.00,0.0022
1070.00,0.0022
1069.00,0.0021
1068.00,0.0020
1067.00,0.0019
1066.00,0.0020
1065.00,0.0020
1064.00,0.0020
1063.00,0.0020
1062.00,0.0020
1061.00,0.0019
1060.00,0.0019
1059.00,0.0020
1058.00,0.0020
1057.00,0.0020
1056.00,0.0020
1055.00,0.0019
1054.00,0.0019
1053.00,0.0018
1052.00,0.0017
1051.00,0.0016
1050.00,0.0016
1049.00,0.0016
1048.00,0.0017
1047.00,0.0017
1046.00,0.0018
1045.00,0.0018
1044.00,0.0017
1043.00,0.0017
1042.00,0.0017
1041.00,0.0016
1040.00,0.0016
1039.00,0.0016
1038.00,0.0015
1037.00,0.0015
1036.00,0.0015
1035.00,0.0016
1034.00,0.0017
1033.00,0.0017
1032.00,0.0018
1031.00,0.0018
1030.00,0.0018
1029.00,0.0017
1028.00,0.0017
1027.00,0.0017
1026.00,0.0017
1025.00,0.0016
1024.00,0.0016
1023.00,0.0016
1022.00,0.0015
1021.00,0.0015
1020.00,0.0015
1019.00,0.0014
1018.00,0.0013
1017.00,0.0013
1016.00,0.0013
1015.00,0.0013
1014.00,0.0013
1013.00,0.0013
1012.00,0.0012
1011.00,0.0012
1010.00,0.0011
1009.00,0.0012
1008.00,0.0012
1007.00,0.0012
1006.00,0.0012
1005.00,0.0012
1004.00,0.0012
1003.00,0.0012
1002.00,0.0012
1001.00,0.0012
1000.00,0.0012
999.00,0.0012
998.00,0.0012
997.00,0.0012
996.00,0.0012
995.00,0.0011
994.00,0.0011
993.00,0.0011
992.00,0.0011
991.00,0.0012
990.00,0.0011
989.00,0.0011
988.00,0.0011
987.00,0.0011
986.00,0.0011
985.00,0.0011
984.00,0.0011
983.00,0.0012
982.00,0.0012
981.00,0.0012
980.00,0.0012
979.00,0.0013
978.00,0.0013
977.00,0.0013
976.00,0.0013
975.00,0.0013
974.00,0.0012
973.00,0.0012
972.00,0.0012
971.00,0.0012
970.00,0.0013
969.00,0.0013
968.00,0.0013
967.00,0.0013
966.00,0.0013
965.00,0.0013
964.00,0.0013
963.00,0.0013
962.00,0.0013
961.00,0.0013
960.00,0.0013
959.00,0.0013
958.00,0.0013
957.00,0.0013
956.00,0.0014
955.00,0.0014
954.00,0.0014
953.00,0.0014
952.00,0.0014
951.00,0.0015
950.00,0.0015
949.00,0.0015
948.00,0.0015
947.00,0.0015
946.00,0.0015
945.00,0.0015
944.00,0.0014
943.00,0.0014
942.00,0.0015
941.00,0.0015
940.00,0.0015
939.00,0.0015
938.00,0.0015
937.00,0.0014
936.00,0.0014
935.00,0.0013
934.00,0.0013
933.00,0.0014
932.00,0.0014
931.00,0.0014
930.00,0.0015
929.00,0.0015
928.00,0.0015
927.00,0.0015
926.00,0.0014
925.00,0.0014
924.00,0.0014
923.00,0.0014
922.00,0.0014
921.00,0.0015
920.00,0.0015
919.00,0.0015
918.00,0.0015
917.00,0.0015
916.00,0.0015
915.00,0.0014
914.00,0.0014
913.00,0.0014
912.00,0.0013
911.00,0.0013
910.00,0.0013
909.00,0.0013
908.00,0.0013
907.00,0.0013
906.00,0.0014
905.00,0.0014
904.00,0.0015
903.00,0.0015
902.00,0.0014
901.00,0.0013
900.00,0.0013
899.00,0.0012
898.00,0.0012
897.00,0.0012
896.00,0.0011
895.00,0.0011
894.00,0.0012
893.00,0.0012
892.00,0.0012
891.00,0.0011
890.00,0.0011
889.00,0.0011
888.00,0.0011
887.00,0.0011
886.00,0.0011
885.00,0.0011
884.00,0.0011
883.00,0.0010
882.00,0.0011
881.00,0.0011
880.00,0.0011
879.00,0.0011
878.00,0.0011
877.00,0.0012
876.00,0.0012
875.00,0.0013
874.00,0.0013
873.00,0.0013
872.00,0.0012
871.00,0.0013
870.00,0.0013
869.00,0.0013
868.00,0.0014
867.00,0.0016
866.00,0.0017
865.00,0.0017
864.00,0.0018
863.00,0.0018
862.00,0.0018
861.00,0.0018
860.00,0.0018
859.00,0.0018
858.00,0.0018
857.00,0.0017
856.00,0.0017
855.00,0.0018
854.00,0.0018
853.00,0.0019
852.00,0.0019
851.00,0.0019
850.00,0.0019
849.00,0.0019
848.00,0.0019
847.00,0.0019
846.00,0.0018
845.00,0.0018
844.00,0.0018
843.00,0.0018
842.00,0.0017
841.00,0.0016
840.00,0.0016
839.00,0.0016
838.00,0.0016
837.00,0.0016
836.00,0.0016
835.00,0.0015
834.00,0.0014
833.00,0.0014
832.00,0.0014
831.00,0.0013
830.00,0.0013
829.00,0.0013
828.00,0.0013
827.00,0.0013
826.00,0.0013
825.00,0.0014
824.00,0.0014
823.00,0.0013
822.00,0.0012
821.00,0.0012
820.00,0.0011
819.00,0.0011
818.00,0.0012
817.00,0.0012
816.00,0.0014
815.00,0.0015
814.00,0.0015
813.00,0.0015
812.00,0.0015
811.00,0.0013
810.00,0.0012
809.00,0.0011
808.00,0.0010
807.00,0.0010
806.00,0.0011
805.00,0.0011
804.00,0.0012
803.00,0.0012
802.00,0.0012
801.00,0.0013
800.00,0.0014
799.00,0.0014
798.00,0.0014
797.00,0.0013
796.00,0.0013
795.00,0.0013
794.00,0.0013
793.00,0.0013
792.00,0.0012
791.00,0.0011
790.00,0.0011
789.00,0.0011
788.00,0.0011
787.00,0.0012
786.00,0.0012
785.00,0.0013
784.00,0.0013
783.00,0.0014
782.00,0.0014
781.00,0.0014
780.00,0.0013
779.00,0.0013
778.00,0.0013
777.00,0.0013
776.00,0.0014
775.00,0.0015
774.00,0.0016
773.00,0.0017
772.00,0.0018
771.00,0.0018
770.00,0.0018
769.00,0.0018
768.00,0.0018
767.00,0.0018
766.00,0.0018
765.00,0.0019
764.00,0.0020
763.00,0.0021
762.00,0.0022
761.00,0.0022
760.00,0.0022
759.00,0.0022
758.00,0.0023
757.00,0.0023
756.00,0.0023
755.00,0.0023
754.00,0.0023
753.00,0.0024
752.00,0.0025
751.00,0.0025
750.00,0.0025
749.00,0.0024
748.00,0.0023
747.00,0.0022
746.00,0.0021
745.00,0.0021
744.00,0.0021
743.00,0.0021
742.00,0.0021
741.00,0.0021
740.00,0.0022
739.00,0.0022
738.00,0.0022
737.00,0.0021
736.00,0.0020
735.00,0.0019
734.00,0.0018
733.00,0.0017
732.00,0.0017
731.00,0.0017
730.00,0.0017
729.00,0.0017
728.00,0.0016
727.00,0.0015
726.00,0.0014
725.00,0.0013
724.00,0.0013
723.00,0.0012
722.00,0.0011
721.00,0.0011
720.00,0.0011
719.00,0.0011
718.00,0.0011
717.00,0.0011
716.00,0.0011
715.00,0.0012
714.00,0.0013
713.00,0.0014
712.00,0.0015
711.00,0.0016
710.00,0.0017
709.00,0.0018
708.00,0.0018
707.00,0.0019
706.00,0.0021
705.00,0.0024
704.00,0.0026
703.00,0.0027
702.00,0.0029
701.00,0.0031
700.00,0.0032
699.00,0.0033
698.00,0.0034
697.00,0.0035
696.00,0.0036
695.00,0.0037
694.00,0.0036
693.00,0.0035
692.00,0.0034
691.00,0.0033
690.00,0.0032
689.00,0.0030
688.00,0.0029
687.00,0.0028
686.00,0.0027
685.00,0.0026
684.00,0.0025
683.00,0.0024
682.00,0.0022
681.00,0.0021
680.00,0.0021
679.00,0.0021
678.00,0.0021
677.00,0.0021
676.00,0.0020
675.00,0.0020
674.00,0.0021
673.00,0.0022
672.00,0.0022
671.00,0.0021
670.00,0.0020
669.00,0.0019
668.00,0.0018
667.00,0.0018
666.00,0.0019
665.00,0.0020
664.00,0.0021
663.00,0.0021
662.00,0.0019
661.00,0.0018
660.00,0.0018
659.00,0.0017
658.00,0.0017
657.00,0.0017
656.00,0.0017
655.00,0.0018
654.00,0.0019
653.00,0.0020
652.00,0.0020
651.00,0.0019
650.00,0.0019
649.00,0.0019
648.00,0.0019
647.00,0.0017
646.00,0.0016
645.00,0.0016
644.00,0.0016
643.00,0.0017
642.00,0.0017
641.00,0.0016
640.00,0.0016
639.00,0.0016
638.00,0.0016
637.00,0.0016
636.00,0.0017
635.00,0.0017
634.00,0.0018
633.00,0.0019
632.00,0.0019
631.00,0.0019
630.00,0.0018
629.00,0.0017
628.00,0.0016
627.00,0.0016
626.00,0.0016
625.00,0.0017
624.00,0.0019
623.00,0.0020
622.00,0.0020
621.00,0.0020
620.00,0.0019
619.00,0.0018
618.00,0.0017
617.00,0.0016
616.00,0.0015
615.00,0.0015
614.00,0.0014
613.00,0.0015
612.00,0.0016
611.00,0.0017
610.00,0.0018
609.00,0.0018
608.00,0.0017
607.00,0.0015
606.00,0.0014
605.00,0.0014
604.00,0.0014
603.00,0.0014
602.00,0.0014
601.00,0.0013
600.00,0.0014
599.00,0.0015
598.00,0.0016
597.00,0.0017
596.00,0.0017
595.00,0.0016
594.00,0.0016
593.00,0.0016
592.00,0.0016
591.00,0.0016
590.00,0.0015
589.00,0.0015
588.00,0.0015
587.00,0.0015
586.00,0.0016
585.00,0.0017
584.00,0.0019
583.00,0.0020
582.00,0.0020
581.00,0.0020
580.00,0.0019
579.00,0.0018
578.00,0.0016
577.00,0.0016
576.00,0.0016
575.00,0.0016
574.00,0.0015
573.00,0.0015
572.00,0.0017
571.00,0.0019
570.00,0.0021
569.00,0.0022
568.00,0.0023
567.00,0.0022
566.00,0.0022
565.00,0.0023
564.00,0.0024
563.00,0.0026
562.00,0.0025
561.00,0.0023
560.00,0.0021
559.00,0.0021
558.00,0.0023
557.00,0.0024
556.00,0.0026
555.00,0.0028
554.00,0.0029
553.00,0.0030
552.00,0.0031
551.00,0.0031
550.00,0.0030
549.00,0.0030
548.00,0.0030
547.00,0.0032
546.00,0.0035
545.00,0.0036
544.00,0.0036
543.00,0.0036
542.00,0.0035
541.00,0.0036
540.00,0.0037
539.00,0.0036
538.00,0.0035
537.00,0.0036
536.00,0.0038
535.00,0.0041
534.00,0.0042
533.00,0.0043
532.00,0.0043
531.00,0.0042
530.00,0.0041
529.00,0.0040
528.00,0.0041
527.00,0.0042
526.00,0.0042
525.00,0.0041
524.00,0.0041
523.00,0.0043
522.00,0.0045
521.00,0.0048
520.00,0.0050
519.00,0.0051
518.00,0.0049
517.00,0.0047
516.00,0.0045
515.00,0.0045
514.00,0.0045
513.00,0.0044
512.00,0.0042
511.00,0.0038
510.00,0.0036
509.00,0.0035
508.00,0.0037
507.00,0.0039
506.00,0.0041
505.00,0.0042
504.00,0.0043
503.00,0.0046
502.00,0.0047
501.00,0.0047
500.00,0.0047
499.00,0.0047
498.00,0.0046
497.00,0.0046
496.00,0.0045
495.00,0.0043
494.00,0.0041
493.00,0.0039
492.00,0.0038
491.00,0.0039
490.00,0.0040
489.00,0.0041
488.00,0.0041
487.00,0.0038
486.00,0.0033
485.00,0.0027
484.00,0.0024
483.00,0.0024
482.00,0.0026
481.00,0.0028
480.00,0.0029
479.00,0.0031
478.00,0.0033
477.00,0.0035
476.00,0.0036
475.00,0.0038
474.00,0.0039
473.00,0.0039
472.00,0.0037
471.00,0.0036
470.00,0.0036
469.00,0.0036
468.00,0.0037
467.00,0.0037
466.00,0.0037
465.00,0.0038
464.00,0.0038
463.00,0.0037
462.00,0.0037
461.00,0.0036
460.00,0.0035
459.00,0.0034
458.00,0.0035
457.00,0.0038
456.00,0.0040
455.00,0.0039
454.00,0.0036
453.00,0.0034
452.00,0.0036
451.00,0.0040
450.00,0.0042
449.00,0.0041
448.00,0.0036
447.00,0.0030
446.00,0.0027
445.00,0.0026
444.00,0.0028
443.00,0.0032
442.00,0.0039
441.00,0.0047
440.00,0.0055
439.00,0.0058
438.00,0.0056
437.00,0.0049
436.00,0.0039
435.00,0.0032
434.00,0.0029
433.00,0.0029
432.00,0.0031
431.00,0.0033
430.00,0.0035
429.00,0.0033
428.00,0.0026
427.00,0.0017
426.00,0.0012
425.00,0.0016
424.00,0.0025
423.00,0.0036
422.00,0.0042
421.00,0.0046
420.00,0.0047
419.00,0.0045
418.00,0.0035
417.00,0.0024
416.00,0.0015
415.00,0.0012
414.00,0.0014
413.00,0.0020
412.00,0.0027
411.00,0.0033
410.00,0.0036
409.00,0.0034
408.00,0.0028
407.00,0.0025
406.00,0.0029
405.00,0.0036
404.00,0.0040
403.00,0.0035
402.00,0.0027
401.00,0.0025
400.00,0.0031
